game_id,team_abbr,pts,fg,fgm,fga,fg_pct,fg3,fg3m,fg3a,fg3_pct,ft,ftm,fta,ft_pct,oreb,dreb,reb,ast,stl,blk,tov,pts_off_tov,fst_brk_pts,pts_in_pnt,pf,tech_fl,flag_fl,opp_team_abbr,pts_opp,fg_opp,fgm_opp,fga_opp,fg_pct_opp,fg3_opp,fg3m_opp,fg3a_opp,fg3_pct_opp,ft_opp,ftm_opp,fta_opp,ft_pct_opp,oreb_opp,dreb_opp,reb_opp,ast_opp,stl_opp,blk_opp,tov_opp,pts_off_tov_opp,fst_brk_pts_opp,pts_in_pnt_opp,pf_opp,tech_fl_opp,flag_fl_opp,poss,poss_opp,ortg,drtg,net_rtg
401585106,DEN,130,48-85,48,85,56.5,9-26,9,26,34.6,25-29,25,29,86.2,11,25,36,28,7,4,9,13.0,6.0,60.0,15,0.0,0.0,GS,127,49-90,49,90,54.4,15-36,15,36,41.7,14-16,14,16,87.5,9,24,33,35,4,3,10,18.0,4.0,56.0,20,2.0,0.0,91.8821142857143,91.1209681372549,141.48564278326825,138.22058948826975,3.2650532949984976
401585105,MIL,125,49-92,49,92,53.3,12-34,12,34,35.3,15-19,15,19,78.9,8,34,42,27,5,5,14,27.0,15.0,60.0,16,0.0,0.0,SA,121,46-95,46,95,48.4,14-40,14,40,35.0,15-17,15,17,88.2,10,32,42,31,10,8,12,12.0,28.0,54.0,16,0.0,0.0,101.38870588235294,101.99079545454545,123.28789376702824,119.34268116648333,3.9452126005449037
401585105,SA,121,46-95,46,95,48.4,14-40,14,40,35.0,15-17,15,17,88.2,10,32,42,31,10,8,12,12.0,28.0,54.0,16,0.0,0.0,MIL,125,49-92,49,92,53.3,12-34,12,34,35.3,15-19,15,19,78.9,8,34,42,27,5,5,14,27.0,15.0,60.0,16,0.0,0.0,101.99079545454545,101.38870588235294,118.63815696380802,122.56007950806614,-3.9219225442581163
401585106,GS,127,49-90,49,90,54.4,15-36,15,36,41.7,14-16,14,16,87.5,9,24,33,35,4,3,10,18.0,4.0,56.0,20,2.0,0.0,DEN,130,48-85,48,85,56.5,9-26,9,26,34.6,25-29,25,29,86.2,11,25,36,28,7,4,9,13.0,6.0,60.0,15,0.0,0.0,91.1209681372549,91.8821142857143,139.37516533922329,142.66749207951992,-3.2923267402966134